obj_id,ob_code,ra,dec,equinox,exptime,priority,resolution,reference_arm,g_hsc,g_hsc_error,r2_hsc,r2_hsc_error,i2_hsc,i2_hsc_error,z_hsc,z_hsc_error,y_hsc,y_hsc_error,tract,patch
0,ob_00000000,149.3631159100635,2.0964045331620764,J2000.0,900.0,1,L,b,162573.05,35435.00,,,,,1272.54,213.52,42167.42,5704.22,None,None
1,ob_00000001,150.2646263598128,1.3452978233464146,J2000.0,900.0,1,L,b,18204.18,5281.88,19438.61,1312.66,80808.27,12398.86,157656.54,21803.42,201155.79,38749.55,0,0
2,ob_00000002,149.44086667388737,2.4538042193767935,J2000.0,900.0,1,L,b,112286.58,16026.45,1182.66,229.09,149991.69,25130.44,,,,,0,0
3,ob_00000003,149.49633081322952,1.8271014154394614,J2000.0,900.0,1,L,b,98722.44,15427.40,6281.93,1047.94,8129.76,996.52,,,,,0,0
4,ob_00000004,150.3020294716488,2.448966426971624,J2000.0,900.0,1,L,b,6958.59,1760.74,120737.65,24578.62,982.16,157.11,155329.26,33509.48,13919.23,2792.48,0,0
5,ob_00000005,149.89755215977385,2.662909520638803,J2000.0,900.0,1,L,b,26120.07,4608.64,,,5587.75,1237.12,,,122880.07,20281.49,0,0
